INSERT INTO roles (role_id, name, description) VALUES ('514B0EA1-5502-4DE9-A030-3E1D6FFA10AF','USER','Пользователь');
INSERT INTO roles (role_id, name, description) VALUES ('2BE95580-A873-42F3-9C0F-B47B080CF946','ADMIN','Администратор');
INSERT INTO users (user_id,login,password,role_id,username,locked,age,gender) VALUES ('016FABE9-9855-4128-900D-ED97C91A487E','Admin1','password1','2BE95580-A873-42F3-9C0F-B47B080CF946','Bob',false,25,'MALE');
INSERT INTO users (user_id,login,password,role_id,username,locked,age,gender) VALUES ('CC5F370E-526D-4FBE-88D1-221B1F690661','User1','password3','514B0EA1-5502-4DE9-A030-3E1D6FFA10AF','Vasya',false,null,null);
INSERT INTO users (user_id,login,password,role_id,username,locked,age,gender) VALUES ('265E51C8-9C87-404F-99FC-0E784697ED9F','User2','password4','514B0EA1-5502-4DE9-A030-3E1D6FFA10AF','Petya',false,30,'MALE');
INSERT INTO users (user_id,login,password,role_id,username,locked,age,gender) VALUES ('C5B22640-83AC-4560-ACFA-BACD25B1595F','User3','password5','514B0EA1-5502-4DE9-A030-3E1D6FFA10AF','Tanya',false,23,'FEMALE');
INSERT INTO subscriptions (subscriber_id,blog_owner_id,date) VALUES ('C5B22640-83AC-4560-ACFA-BACD25B1595F','265E51C8-9C87-404F-99FC-0E784697ED9F','2024-07-19 10:23:54');
INSERT INTO subscriptions (subscriber_id,blog_owner_id,date) VALUES ('C5B22640-83AC-4560-ACFA-BACD25B1595F','CC5F370E-526D-4FBE-88D1-221B1F690661','2024-07-20 10:23:54');
INSERT INTO subscriptions (subscriber_id,blog_owner_id,date) VALUES ('C5B22640-83AC-4560-ACFA-BACD25B1595F','016FABE9-9855-4128-900D-ED97C91A487E','2024-07-19 09:23:04');
INSERT INTO subscriptions (subscriber_id,blog_owner_id,date) VALUES ('016FABE9-9855-4128-900D-ED97C91A487E','CC5F370E-526D-4FBE-88D1-221B1F690661','2024-07-15 09:23:04');
INSERT INTO notes (note_id,parent_note_id,user_id,content,created) VALUES ('68B73A40-6465-41E1-B70F-2CF1243D31D7',null,'C5B22640-83AC-4560-ACFA-BACD25B1595F','test content 1','2024-07-21 09:23:04');
INSERT INTO notes (note_id,parent_note_id,user_id,content,created) VALUES ('398BC17E-A265-4524-871D-F9A7CF11CA9C',null,'C5B22640-83AC-4560-ACFA-BACD25B1595F','test content 2','2024-07-22 09:23:04');
INSERT INTO notes (note_id,parent_note_id,user_id,content,created) VALUES ('F4045E6C-CD08-42C3-9758-CE710DB797E1',null,'C5B22640-83AC-4560-ACFA-BACD25B1595F','test content 3','2024-07-23 09:23:04');
INSERT INTO notes (note_id,parent_note_id,user_id,content,created) VALUES ('92772AC6-CF02-4193-B5F9-193C772B9DA5',null,'016FABE9-9855-4128-900D-ED97C91A487E','test content 4','2024-07-20 09:23:04');
INSERT INTO notes (note_id,parent_note_id,user_id,content,created) VALUES ('29C2A7EE-FD56-496B-9979-589391E65AF6','F4045E6C-CD08-42C3-9758-CE710DB797E1','016FABE9-9855-4128-900D-ED97C91A487E','test content 3_2','2024-07-24 09:23:04');
INSERT INTO grades (grade_id,note_id,user_id,grade_type) VALUES ('60B5C991-5EBB-4ED7-AC90-C5C6D88C35F8','F4045E6C-CD08-42C3-9758-CE710DB797E1','016FABE9-9855-4128-900D-ED97C91A487E','LIKE');
INSERT INTO grades (grade_id,note_id,user_id,grade_type) VALUES ('C560C213-0B01-4326-AC63-5DDD953A6E7A','398BC17E-A265-4524-871D-F9A7CF11CA9C','016FABE9-9855-4128-900D-ED97C91A487E','DISLIKE');
